Date,Gazole,Super SP95,Super SP95-E10,Super SP98,Superéthanol E85,GPLc,Gazole,Super SP95,Super SP95-E10,Super SP98,Superéthanol E85,GPLc,
2020-01-03 00:00:00,0.6277,0.5891,0.5937,0.6426,0.4437,0.5996,1.4841,1.5365,1.5186,1.6006,0.6744,0.858,
2020-01-10 00:00:00,0.6333,0.599,0.6012,0.6501,0.4438,0.5955,1.4908,1.5483,1.5276,1.6097,0.6746,0.8531,
2020-01-17 00:00:00,0.6235,0.5921,0.5933,0.6436,0.4443,0.5924,1.4791,1.5401,1.5181,1.6019,0.6752,0.8494,
2020-01-24 00:00:00,0.6105,0.5873,0.5877,0.6369,0.4456,0.5942,1.4635,1.5343,1.5114,1.5938,0.6767,0.8515,
2020-01-31 00:00:00,0.5862,0.5721,0.571,0.6233,0.4455,0.5982,1.4343,1.516,1.4914,1.5775,0.6765,0.8564,
2020-02-07 00:00:00,0.5599,0.5578,0.5554,0.6091,0.4484,0.5971,1.4028,1.4989,1.4727,1.5604,0.68,0.855,
2020-02-14 00:00:00,0.5575,0.5543,0.5531,0.6056,0.4444,0.5993,1.3999,1.4948,1.4698,1.5563,0.6753,0.8576,
2020-02-21 00:00:00,0.5576,0.5495,0.5521,0.6021,0.4402,0.5979,1.4,1.4889,1.4687,1.552,0.6702,0.8559,
2020-02-28 00:00:00,0.5505,0.5491,0.5519,0.6032,0.439,0.5977,1.3915,1.4885,1.4685,1.5534,0.6688,0.8557,
2020-03-06 00:00:00,0.5253,0.5245,0.5268,0.58,0.4419,0.5938,1.3613,1.4589,1.4383,1.5256,0.6722,0.851,
2020-03-13 00:00:00,0.4752,0.4791,0.481,0.5378,0.4382,0.5915,1.3012,1.4044,1.3833,1.4749,0.6679,0.8483,
2020-03-20 00:00:00,0.4383,0.4202,0.4277,0.4842,0.4372,0.5922,1.2569,1.3338,1.3194,1.4106,0.6666,0.8491,
2020-03-27 00:00:00,0.4234,0.396,0.4021,0.4558,0.4375,0.5929,1.239,1.3048,1.2887,1.3766,0.6669,0.8499,
2020-04-03 00:00:00,0.4168,0.3821,0.3886,0.4406,0.435,0.5911,1.231,1.2881,1.2725,1.3583,0.664,0.8477,
2020-04-10 00:00:00,0.4095,0.3704,0.3788,0.4303,0.4356,0.5914,1.2223,1.274,1.2607,1.3459,0.6647,0.8481,
2020-04-17 00:00:00,0.4019,0.3605,0.371,0.4222,0.4341,0.5863,1.2132,1.2621,1.2514,1.3362,0.6629,0.842,
2020-04-24 00:00:00,0.386,0.3463,0.3569,0.4058,0.434,0.5846,1.1941,1.2451,1.2344,1.3165,0.6628,0.84,
2020-05-01 00:00:00,0.3628,0.3334,0.343,0.3904,0.4323,0.5845,1.1663,1.2296,1.2178,1.298,0.6607,0.8399,
2020-05-08 00:00:00,0.3582,0.3339,0.341,0.3866,0.432,0.5826,1.1608,1.2303,1.2153,1.2935,0.6604,0.8376,
2020-05-15 00:00:00,0.3557,0.3455,0.3472,0.3921,0.4284,0.5802,1.1578,1.2442,1.2227,1.3001,0.656,0.8348,
2020-05-22 00:00:00,0.3716,0.3657,0.3687,0.4107,0.4297,0.5831,1.1768,1.2684,1.2486,1.3224,0.6576,0.8382,
2020-05-29 00:00:00,0.3787,0.3776,0.3837,0.4251,0.4336,0.5799,1.1854,1.2827,1.2666,1.3396,0.6623,0.8344,
2020-06-05 00:00:00,0.3834,0.3826,0.3877,0.4287,0.4332,0.5806,1.191,1.2886,1.2714,1.3441,0.6618,0.8352,
2020-06-12 00:00:00,0.3985,0.4025,0.4085,0.4497,0.4314,0.5807,1.2092,1.3125,1.2964,1.3692,0.6597,0.8353,
2020-06-19 00:00:00,0.4043,0.4071,0.4147,0.4559,0.4283,0.5849,1.2161,1.3181,1.3038,1.3766,0.6559,0.8403,
2020-06-26 00:00:00,0.4162,0.4245,0.4305,0.4721,0.4294,0.585,1.2303,1.3389,1.3227,1.396,0.6573,0.8405,
2020-07-03 00:00:00,0.4141,0.4168,0.4272,0.4681,0.4279,0.5876,1.2278,1.3298,1.3189,1.3913,0.6555,0.8436,
2020-07-10 00:00:00,0.4259,0.4288,0.4394,0.4809,0.4256,0.5942,1.242,1.3441,1.3334,1.4066,0.6527,0.8515,
2020-07-17 00:00:00,0.4281,0.4324,0.4429,0.485,0.4311,0.5956,1.2446,1.3485,1.3377,1.4115,0.6592,0.8532,
2020-07-24 00:00:00,0.4304,0.4301,0.4419,0.485,0.4304,0.5952,1.2474,1.3457,1.3365,1.4116,0.6584,0.8527,
2020-07-31 00:00:00,0.4203,0.4149,0.4293,0.4746,0.4125,0.5991,1.2353,1.3275,1.3213,1.3991,0.6369,0.8574,
2020-08-07 00:00:00,0.4212,0.4154,0.4268,0.4712,0.4279,0.5972,1.2364,1.328,1.3183,1.395,0.6555,0.8552,
2020-08-14 00:00:00,0.4215,0.4184,0.4286,0.4738,0.4266,0.5935,1.2367,1.3316,1.3205,1.3981,0.6539,0.8507,
2020-08-21 00:00:00,0.4211,0.4216,0.4317,0.4777,0.4266,0.5966,1.2362,1.3355,1.3241,1.4028,0.6538,0.8544,
2020-08-28 00:00:00,0.4141,0.4195,0.431,0.4772,0.4092,0.5937,1.2279,1.3329,1.3234,1.4022,0.633,0.8509,
2020-09-04 00:00:00,0.4067,0.419,0.4268,0.4742,0.4261,0.5864,1.219,1.3324,1.3183,1.3986,0.6532,0.8422,
2020-09-11 00:00:00,0.3988,0.4197,0.4265,0.4739,0.4252,0.5847,1.2094,1.3332,1.3179,1.3983,0.6522,0.8401,
2020-09-18 00:00:00,0.3868,0.4137,0.4202,0.4668,0.4249,0.5841,1.1951,1.3261,1.3104,1.3897,0.6519,0.8394,
2020-09-25 00:00:00,0.3864,0.4158,0.4225,0.4689,0.4246,0.5865,1.1947,1.3286,1.3132,1.3923,0.6515,0.8423,
2020-10-02 00:00:00,0.3878,0.4176,0.4202,0.4675,0.425,0.5856,1.1963,1.3307,1.3103,1.3906,0.652,0.8412,
2020-10-09 00:00:00,0.3907,0.4222,0.4247,0.4718,0.4222,0.5838,1.1998,1.3362,1.3158,1.3957,0.6485,0.8391,
2020-10-16 00:00:00,0.3974,0.4259,0.4286,0.4765,0.4225,0.5849,1.2078,1.3407,1.3205,1.4014,0.6489,0.8403,
2020-10-23 00:00:00,0.3901,0.4124,0.4176,0.4659,0.4212,0.5798,1.1991,1.3244,1.3072,1.3887,0.6474,0.8343,
2020-10-30 00:00:00,0.3965,0.4162,0.4198,0.4683,0.4173,0.5879,1.2067,1.329,1.31,1.3916,0.6428,0.844,
2020-11-06 00:00:00,0.3882,0.4084,0.4125,0.4608,0.423,0.587,1.1968,1.3197,1.3012,1.3825,0.6496,0.8429,
2020-11-13 00:00:00,0.401,0.412,0.4198,0.4672,0.4227,0.5841,1.2121,1.324,1.31,1.3903,0.6492,0.8394,
2020-11-20 00:00:00,0.4059,0.4164,0.4222,0.4712,0.423,0.5827,1.218,1.3293,1.3128,1.3949,0.6495,0.8377,
2020-11-27 00:00:00,0.4228,0.4244,0.4304,0.4771,0.4231,0.5816,1.2383,1.3388,1.3227,1.4021,0.6497,0.8364,
2020-12-04 00:00:00,0.4297,0.43,0.4357,0.4822,0.4211,0.58,1.2465,1.3455,1.329,1.4082,0.6472,0.8345,
2020-12-11 00:00:00,0.4348,0.4338,0.4362,0.4822,0.4183,0.582,1.2527,1.3501,1.3296,1.4081,0.6439,0.8368,
2020-12-18 00:00:00,0.4421,0.4403,0.4429,0.488,0.4163,0.5777,1.2615,1.3579,1.3377,1.4152,0.6416,0.8317,
2020-12-25 00:00:00,0.447,0.4438,0.4475,0.4928,0.4206,0.5811,1.2673,1.3622,1.3432,1.421,0.6466,0.8358,
2021-01-01 00:00:00,0.4537,0.4497,0.4564,0.4997,0.4248,0.5847,1.2754,1.3693,1.3537,1.4292,0.6517,0.8401,
2021-01-08 00:00:00,0.4624,0.467,0.4718,0.5134,0.428,0.5811,1.2858,1.3899,1.3722,1.4456,0.6556,0.8359,
2021-01-15 00:00:00,0.4812,0.49,0.4959,0.5351,0.4297,0.5801,1.3084,1.4175,1.4011,1.4717,0.6576,0.8346,
2021-01-22 00:00:00,0.4864,0.4962,0.5005,0.5408,0.4313,0.5791,1.3146,1.425,1.4067,1.4786,0.6595,0.8335,
2021-01-29 00:00:00,0.4855,0.4964,0.5003,0.5413,0.4321,0.58,1.3135,1.4252,1.4064,1.4791,0.6605,0.8344,
2021-02-05 00:00:00,0.4936,0.5042,0.506,0.5477,0.4316,0.5784,1.3232,1.4346,1.4133,1.4869,0.6599,0.8326,
2021-02-12 00:00:00,0.5089,0.513,0.5178,0.56,0.4341,0.5791,1.3416,1.4451,1.4274,1.5016,0.6629,0.8334,
2021-02-19 00:00:00,0.5257,0.5297,0.5333,0.576,0.4364,0.5808,1.3617,1.4652,1.446,1.5208,0.6656,0.8354,
2021-02-26 00:00:00,0.535,0.5425,0.5446,0.588,0.4396,0.5822,1.373,1.4806,1.4596,1.5351,0.6694,0.8372,
2021-03-05 00:00:00,0.5374,0.5507,0.5542,0.5993,0.4405,0.5829,1.3758,1.4904,1.471,1.5487,0.6706,0.838,
2021-03-12 00:00:00,0.5495,0.5668,0.5699,0.6157,0.4407,0.5829,1.3903,1.5097,1.49,1.5684,0.6707,0.838,
2021-03-19 00:00:00,0.5517,0.5768,0.5792,0.6264,0.4403,0.5864,1.393,1.5217,1.501,1.5812,0.6704,0.8421,
2021-03-26 00:00:00,0.5392,0.569,0.5717,0.6208,0.4391,0.5841,1.3779,1.5124,1.4921,1.5745,0.6689,0.8393,
2021-04-02 00:00:00,0.536,0.5713,0.5735,0.622,0.4388,0.583,1.3742,1.5151,1.4942,1.576,0.6685,0.8381,
2021-04-09 00:00:00,0.5321,0.5706,0.573,0.6224,0.4391,0.5847,1.3694,1.5143,1.4936,1.5764,0.6689,0.8402,
2021-04-16 00:00:00,0.5341,0.5723,0.5742,0.6235,0.4418,0.5843,1.3718,1.5163,1.4951,1.5777,0.6721,0.8396,
2021-04-23 00:00:00,0.5398,0.576,0.579,0.6276,0.4423,0.5877,1.3786,1.5208,1.5009,1.5827,0.6727,0.8437,
2021-04-30 00:00:00,0.5388,0.5726,0.5754,0.6241,0.441,0.5836,1.3775,1.5166,1.4965,1.5785,0.6711,0.8387,
2021-05-07 00:00:00,0.5503,0.5843,0.5854,0.6339,0.4433,0.585,1.3913,1.5307,1.5085,1.5903,0.674,0.8405,
2021-05-14 00:00:00,0.5483,0.5782,0.5818,0.6315,0.4382,0.5864,1.3889,1.5234,1.5042,1.5874,0.6678,0.8422,
2021-05-21 00:00:00,0.5503,0.578,0.581,0.6317,0.4417,0.5876,1.3913,1.5232,1.5033,1.5876,0.672,0.8436,
2021-05-28 00:00:00,0.5505,0.576,0.5784,0.6293,0.4417,0.59,1.3915,1.5208,1.5001,1.5847,0.6719,0.8465,
2021-06-04 00:00:00,0.5594,0.5827,0.5858,0.6353,0.4413,0.5876,1.4022,1.5288,1.5091,1.5919,0.6716,0.8436,
2021-06-11 00:00:00,0.5648,0.5849,0.5878,0.6366,0.4422,0.5898,1.4087,1.5314,1.5114,1.5935,0.6726,0.8462,
2021-06-18 00:00:00,0.5737,0.5888,0.5915,0.6403,0.4438,0.5891,1.4194,1.5361,1.5158,1.5979,0.6745,0.8454,
2021-06-25 00:00:00,0.5823,0.5988,0.5998,0.6496,0.4436,0.591,1.4296,1.5481,1.5258,1.609,0.6742,0.8477,
2021-07-02 00:00:00,0.5894,0.6133,0.6125,0.6622,0.442,0.5895,1.4382,1.5655,1.5411,1.6242,0.6724,0.8459,
2021-07-09 00:00:00,0.589,0.6154,0.6155,0.6667,0.4424,0.5906,1.4377,1.568,1.5447,1.6295,0.6729,0.8472,
2021-07-16 00:00:00,0.5964,0.6287,0.6265,0.6776,0.4443,0.5943,1.4466,1.584,1.5579,1.6427,0.6751,0.8517,
2021-07-23 00:00:00,0.5918,0.6274,0.6252,0.6785,0.4454,0.594,1.4411,1.5824,1.5563,1.6437,0.6764,0.8512,
2021-07-30 00:00:00,0.5857,0.6193,0.6233,0.676,0.4345,0.6,1.4337,1.5727,1.554,1.6408,0.6633,0.8585,
2021-08-06 00:00:00,0.5925,0.6317,0.6322,0.6844,0.4468,0.6004,1.4419,1.5876,1.5647,1.6508,0.6782,0.8589,
2021-08-13 00:00:00,0.5854,0.6301,0.6305,0.6824,0.447,0.6,1.4335,1.5857,1.5627,1.6485,0.6784,0.8585,
2021-08-20 00:00:00,0.5807,0.6235,0.623,0.676,0.4451,0.6003,1.4278,1.5777,1.5537,1.6408,0.6761,0.8589,
2021-08-27 00:00:00,0.5785,0.6164,0.6157,0.6687,0.4454,0.5984,1.4252,1.5692,1.5449,1.6321,0.6765,0.8566,
2021-09-03 00:00:00,0.5821,0.6158,0.6147,0.6686,0.444,0.5963,1.4294,1.5686,1.5437,1.6318,0.6747,0.854,
2021-09-10 00:00:00,0.5923,0.6299,0.6274,0.6796,0.4439,0.5966,1.4417,1.5855,1.5589,1.6451,0.6746,0.8545,
2021-09-17 00:00:00,0.6024,0.6333,0.6323,0.6846,0.4438,0.5947,1.4537,1.5895,1.5648,1.6511,0.6746,0.8521,
2021-09-24 00:00:00,0.6125,0.6314,0.6302,0.6829,0.4437,0.5939,1.4659,1.5872,1.5622,1.6491,0.6745,0.8512,
2021-10-01 00:00:00,0.6384,0.6454,0.6437,0.6953,0.4485,0.5917,1.497,1.6041,1.5785,1.6639,0.6801,0.8485,
2021-10-08 00:00:00,0.6704,0.6697,0.6677,0.7202,0.4532,0.6042,1.5354,1.6332,1.6073,1.6937,0.6858,0.8635,
2021-10-15 00:00:00,0.6895,0.6893,0.6856,0.7399,0.4593,0.6071,1.5583,1.6567,1.6287,1.7174,0.6931,0.867,
2021-10-22 00:00:00,0.6852,0.6827,0.6802,0.7371,0.4558,0.6111,1.5531,1.6488,1.6223,1.7141,0.689,0.8717,
2021-10-29 00:00:00,0.6881,0.6917,0.6895,0.7459,0.4593,0.6138,1.5566,1.6596,1.6335,1.7247,0.6931,0.875,
2021-11-05 00:00:00,0.682,0.6942,0.6915,0.7475,0.4599,0.6192,1.5493,1.6625,1.6358,1.7266,0.6939,0.8816,
2021-11-12 00:00:00,0.689,0.6912,0.6889,0.7457,0.4615,0.6173,1.5577,1.659,1.6327,1.7244,0.6957,0.8793,
2021-11-19 00:00:00,0.6876,0.6963,0.6909,0.7481,0.467,0.6189,1.556,1.6651,1.6351,1.7273,0.7024,0.8812,
2021-11-26 00:00:00,0.6856,0.6861,0.6799,0.7368,0.4651,0.6188,1.5536,1.6529,1.6219,1.7137,0.7001,0.8811,
2021-12-03 00:00:00,0.662,0.6703,0.6604,0.7204,0.4653,0.6241,1.5253,1.634,1.5985,1.6941,0.7003,0.8874,
2021-12-10 00:00:00,0.6621,0.6687,0.6555,0.715,0.4648,0.6258,1.5255,1.632,1.5927,1.6876,0.6997,0.8894,
2021-12-17 00:00:00,0.6673,0.6709,0.6601,0.7197,0.4677,0.6262,1.5316,1.6346,1.5982,1.6932,0.7032,0.8899,
2021-12-24 00:00:00,0.6535,0.655,0.6493,0.7094,0.464,0.6273,1.5151,1.6156,1.5853,1.6808,0.6987,0.8912,
2021-12-31 00:00:00,0.6715,0.6665,0.6699,0.7289,0.465,0.6297,1.5367,1.6293,1.6099,1.7043,0.7,0.8941,
2022-01-07 00:00:00,0.7145,0.7106,0.7112,0.7629,0.5011,0.6306,1.5883,1.6823,1.6595,1.7451,0.7433,0.8952,
2022-01-14 00:00:00,0.7421,0.7311,0.7301,0.7816,0.5068,0.633,1.6214,1.7069,1.6821,1.7674,0.7502,0.8981,
2022-01-21 00:00:00,0.7693,0.7461,0.7443,0.7965,0.5082,0.6363,1.654,1.7249,1.6992,1.7854,0.7518,0.9021,
2022-01-28 00:00:00,0.7829,0.7641,0.7618,0.8144,0.5106,0.6361,1.6704,1.7464,1.7202,1.8069,0.7546,0.9018,
2022-02-04 00:00:00,0.7954,0.7798,0.7723,0.8262,0.5146,0.6358,1.6854,1.7654,1.7328,1.821,0.7595,0.9015,
2022-02-11 00:00:00,0.8072,0.7929,0.7859,0.8392,0.5147,0.638,1.6995,1.781,1.7491,1.8366,0.7596,0.904,
2022-02-18 00:00:00,0.8118,0.8024,0.7964,0.8508,0.5158,0.6375,1.7051,1.7924,1.7618,1.8505,0.7609,0.9035,
2022-02-25 00:00:00,0.8422,0.8198,0.8281,0.8767,0.5222,0.6393,1.7415,1.8133,1.7997,1.8816,0.7686,0.9056,
2022-03-04 00:00:00,0.9602,0.8828,0.8877,0.9385,0.5484,0.6525,1.8831,1.8889,1.8713,1.9558,0.8,0.9215,
2022-03-11 00:00:00,1.1748,1.0441,1.0188,1.0758,0.6555,0.6665,2.1407,2.0825,2.0286,2.1206,0.9286,0.9383,
2022-03-18 00:00:00,1.0372,0.9534,0.9395,1.0047,0.6483,0.6708,1.9755,1.9737,1.9334,2.0352,0.9199,0.9434,
2022-03-25 00:00:00,1.1546,0.9788,0.9675,1.0271,0.6488,0.6829,2.1165,2.0042,1.967,2.062,0.9206,0.958,
2022-04-01 00:00:00,0.9668,0.8357,0.8148,0.8821,0.5294,0.5535,1.891,1.8324,1.7839,1.888,0.7772,0.8026,
2022-04-08 00:00:00,0.908,0.8027,0.7798,0.8472,0.5154,0.5496,1.8205,1.7928,1.7418,1.8462,0.7605,0.7981,
2022-04-15 00:00:00,0.9006,0.7924,0.7736,0.8371,0.5078,0.5765,1.8116,1.7805,1.7343,1.834,0.7514,0.8303,
2022-04-22 00:00:00,0.9541,0.8005,0.7846,0.8461,0.5068,0.5855,1.8759,1.7902,1.7476,1.8449,0.7501,0.8411,
2022-04-29 00:00:00,0.9588,0.8106,0.7969,0.8574,0.5033,0.5778,1.8815,1.8023,1.7623,1.8585,0.7459,0.8318,
2022-05-06 00:00:00,1.0108,0.8635,0.8477,0.9071,0.5144,0.5802,1.9438,1.8658,1.8233,1.9181,0.7592,0.8348,
2022-05-13 00:00:00,0.9562,0.8855,0.8708,0.9319,0.5193,0.5824,1.8784,1.8922,1.851,1.9479,0.7651,0.8373,
2022-05-20 00:00:00,0.9342,0.9522,0.9438,1.0046,0.5363,0.5808,1.852,1.9722,1.9386,2.0351,0.7855,0.8354,
2022-05-27 00:00:00,0.9143,0.9445,0.936,1.0001,0.5355,0.5865,1.8281,1.9629,1.9293,2.0297,0.7846,0.8423,
2022-06-03 00:00:00,1.0254,1.0597,1.05,1.113,0.5614,0.5795,1.9615,2.1012,2.066,2.1651,0.8157,0.8339,
2022-06-10 00:00:00,1.1154,1.0845,1.075,1.1411,0.5924,0.5821,2.0694,2.1309,2.096,2.1989,0.8528,0.837,
2022-06-17 00:00:00,1.1697,1.0828,1.0671,1.1354,0.5907,0.5809,2.1345,2.129,2.0866,2.192,0.8508,0.8356,
2022-06-24 00:00:00,1.1661,1.0477,1.0254,1.0991,0.5766,0.5789,2.1302,2.0867,2.0365,2.1485,0.8339,0.8331,
2022-07-01 00:00:00,1.1112,1.044,1.019,1.0912,0.5937,0.592,2.0643,2.0823,2.0288,2.139,0.8544,0.8489,
2022-07-08 00:00:00,1.053,0.9995,0.98,1.0532,0.5909,0.5944,1.9946,2.0289,1.982,2.0934,0.8511,0.8517,
2022-07-15 00:00:00,1.0322,0.976,0.9536,1.0248,0.5907,0.5993,1.9696,2.0008,1.9504,2.0593,0.8508,0.8577,
2022-07-22 00:00:00,1.0028,0.912,0.8869,0.9588,0.5855,0.6,1.9343,1.924,1.8703,1.9801,0.8446,0.8585,
2022-07-29 00:00:00,0.9561,0.8461,0.8351,0.9089,0.5555,0.5984,1.8782,1.8448,1.8082,1.9202,0.8086,0.8566,
2022-08-05 00:00:00,0.9237,0.8388,0.8233,0.8923,0.5634,0.6023,1.8393,1.8362,1.7941,1.9003,0.818,0.8612,
2022-08-12 00:00:00,0.8825,0.7915,0.7751,0.8441,0.5528,0.6008,1.7899,1.7794,1.7362,1.8425,0.8053,0.8594,
2022-08-19 00:00:00,0.9242,0.7843,0.7704,0.8363,0.5496,0.6076,1.84,1.7707,1.7305,1.8331,0.8015,0.8677,
2022-08-26 00:00:00,1.0149,0.7917,0.7776,0.8424,0.5488,0.6115,1.9488,1.7797,1.7392,1.8405,0.8005,0.8722,
2022-09-02 00:00:00,0.8743,0.6575,0.6133,0.6837,0.4637,0.5128,1.7801,1.6186,1.542,1.65,0.6984,0.7539,
2022-09-09 00:00:00,0.8532,0.6162,0.5783,0.6446,0.4455,0.5083,1.7547,1.569,1.5,1.6031,0.6765,0.7485,
2022-09-16 00:00:00,0.8046,0.6043,0.575,0.6393,0.4294,0.5082,1.6965,1.5547,1.496,1.5967,0.6573,0.7483,
2022-09-23 00:00:00,0.7737,0.5981,0.568,0.6306,0.4295,0.5077,1.6593,1.5473,1.4876,1.5863,0.6574,0.7477,
2022-09-30 00:00:00,0.8039,0.6201,0.5937,0.6549,0.4328,0.5069,1.6956,1.5737,1.5185,1.6154,0.6614,0.7467,
2022-10-07 00:00:00,0.8938,0.6787,0.6545,0.7098,0.4538,0.5092,1.8035,1.644,1.5914,1.6814,0.6865,0.7495,
2022-10-14 00:00:00,0.9918,0.7477,0.7155,0.7735,0.5168,0.5037,1.9211,1.7268,1.6646,1.7578,0.7621,0.7429,
2022-10-21 00:00:00,0.9786,0.7295,0.6883,0.7499,0.5395,0.5065,1.9053,1.705,1.632,1.7294,0.7894,0.7463,
2022-10-28 00:00:00,0.9474,0.7025,0.6656,0.729,0.5489,0.507,1.8678,1.6726,1.6048,1.7044,0.8007,0.7469,
2022-11-04 00:00:00,0.9175,0.7084,0.6801,0.7437,0.5519,0.5085,1.8319,1.6797,1.6222,1.722,0.8043,0.7487,
2022-11-11 00:00:00,0.8926,0.7133,0.6761,0.7381,0.5525,0.5147,1.802,1.6855,1.6174,1.7152,0.8049,0.7562,
2022-11-18 00:00:00,0.9791,0.7944,0.7878,0.8426,0.6285,0.6115,1.9059,1.7828,1.7514,1.8407,0.8961,0.8723,
2022-11-25 00:00:00,0.9419,0.7725,0.7576,0.8192,0.6408,0.6157,1.8611,1.7565,1.7152,1.8126,0.9109,0.8774,
2022-12-02 00:00:00,0.9078,0.7533,0.7409,0.8023,0.6331,0.6191,1.8202,1.7336,1.6951,1.7923,0.9017,0.8814,
2022-12-09 00:00:00,0.8343,0.7196,0.6947,0.7577,0.6193,0.6202,1.732,1.693,1.6397,1.7388,0.8851,0.8827,
2022-12-16 00:00:00,0.8432,0.6923,0.6761,0.7405,0.6056,0.6202,1.7427,1.6603,1.6174,1.7181,0.8687,0.8827,
2022-12-23 00:00:00,0.8487,0.688,0.675,0.7369,0.6032,0.621,1.7494,1.6551,1.616,1.7138,0.8658,0.8837,
2022-12-30 00:00:00,0.863,0.7077,0.6968,0.7564,0.6079,0.6283,1.7665,1.6788,1.6423,1.7372,0.8714,0.8924,
2023-01-06 00:00:00,0.9738,0.8517,0.8572,0.9045,0.7885,0.693,1.8994,1.8516,1.8346,1.915,1.0881,0.97,
2023-01-13 00:00:00,0.9615,0.8564,0.8588,0.9094,0.7986,0.691,1.8846,1.8572,1.8365,1.9208,1.1003,0.9677,
2023-01-20 00:00:00,0.9878,0.8927,0.8907,0.9415,0.8053,0.6925,1.9162,1.9008,1.8748,1.9593,1.1083,0.9695,
2023-01-27 00:00:00,1.0103,0.9199,0.9203,0.9713,0.8112,0.6929,1.9432,1.9334,1.9103,1.9952,1.1154,0.9699,
2023-02-03 00:00:00,0.9637,0.9169,0.9114,0.9652,0.8175,0.6948,1.8873,1.9299,1.8996,1.9878,1.1229,0.9723,
2023-02-10 00:00:00,0.9142,0.8952,0.8892,0.9453,0.8129,0.6933,1.8279,1.9038,1.8729,1.9639,1.1174,0.9705,
2023-02-17 00:00:00,0.9228,0.8979,0.8931,0.9473,0.8113,0.6963,1.8382,1.907,1.8776,1.9664,1.1155,0.9741,
2023-02-24 00:00:00,0.8995,0.89,0.8857,0.9404,0.8145,0.6989,1.8101,1.8976,1.8687,1.958,1.1194,0.9772,
2023-03-03 00:00:00,0.901,0.8803,0.8799,0.9359,0.8057,0.6994,1.812,1.8859,1.8618,1.9526,1.1087,0.9777,
2023-03-10 00:00:00,0.9229,0.9059,0.9019,0.9542,0.8177,0.6972,1.8383,1.9166,1.8882,1.9746,1.1232,0.9751,
2023-03-17 00:00:00,0.9062,0.9026,0.8986,0.9529,0.8184,0.6972,1.8183,1.9127,1.8842,1.973,1.1241,0.9751,
2023-03-24 00:00:00,0.9045,0.9099,0.8998,0.9541,0.8144,0.707,1.8162,1.9214,1.8857,1.9745,1.1192,0.9868,
2023-03-31 00:00:00,0.8987,0.9221,0.9205,0.9735,0.8195,0.7145,1.8093,1.9361,1.9105,1.9977,1.1254,0.9959,
2023-04-07 00:00:00,0.8922,0.9331,0.9322,0.9674,0.8196,0.707,1.8014,1.9493,1.9246,1.9904,1.1255,0.9869,
2023-04-14 00:00:00,0.8909,0.943,0.9415,0.9778,0.8131,0.7115,1.7998,1.9612,1.9358,2.003,1.1177,0.9922,
2023-04-21 00:00:00,0.8595,0.9265,0.9228,0.9657,0.7999,0.7034,1.7621,1.9413,1.9132,1.9885,1.1019,0.9825,
2023-04-28 00:00:00,0.8243,0.901,0.8936,0.9446,0.7886,0.7051,1.72,1.9108,1.8782,1.9631,1.0883,0.9847,
2023-05-05 00:00:00,0.7789,0.8685,0.8618,0.9163,0.7903,0.7043,1.6655,1.8718,1.8401,1.9291,1.0903,0.9836,
2023-05-12 00:00:00,0.7706,0.8547,0.847,0.9014,0.8119,0.7025,1.6555,1.8552,1.8223,1.9112,1.1163,0.9814,
2023-05-19 00:00:00,0.7744,0.8508,0.8484,0.8993,0.8144,0.7024,1.6601,1.8505,1.824,1.9088,1.1192,0.9814,
2023-05-26 00:00:00,0.7845,0.8723,0.8667,0.9145,0.8033,0.7028,1.6722,1.8763,1.846,1.927,1.106,0.9818,
2023-06-02 00:00:00,0.7792,0.8683,0.8641,0.9137,0.7903,0.7022,1.6658,1.8715,1.8428,1.926,1.0903,0.9812,
2023-06-09 00:00:00,0.7907,0.874,0.8675,0.9165,0.7793,0.7021,1.6797,1.8784,1.8469,1.9294,1.0771,0.981,
2023-06-16 00:00:00,0.7877,0.8695,0.8632,0.914,0.7746,0.702,1.676,1.8729,1.8417,1.9263,1.0715,0.9809,
2023-06-23 00:00:00,0.8106,0.8677,0.8621,0.9127,0.7707,0.7015,1.7035,1.8707,1.8405,1.9248,1.0668,0.9803,
2023-06-30 00:00:00,0.787,0.8303,0.8302,0.8861,0.7441,0.702,1.6752,1.826,1.8021,1.8929,1.0349,0.9809,
2023-07-07 00:00:00,0.7792,0.8195,0.8197,0.8727,0.7245,0.7029,1.6658,1.8129,1.7895,1.8768,1.0114,0.982,
2023-07-14 00:00:00,0.8034,0.8381,0.8378,0.8876,0.7379,0.7031,1.6949,1.8353,1.8113,1.8946,1.0274,0.9822,
2023-07-21 00:00:00,0.8079,0.8478,0.8508,0.8937,0.7296,0.7097,1.7002,1.8469,1.8268,1.9021,1.0174,0.9901,
2023-07-28 00:00:00,0.8409,0.8862,0.8843,0.9268,0.7361,0.7055,1.7399,1.893,1.8671,1.9418,1.0253,0.985,
2023-08-04 00:00:00,0.8963,0.9006,0.9078,0.9469,0.7369,0.7049,1.8064,1.9103,1.8953,1.9658,1.0263,0.9844,
2023-08-11 00:00:00,0.9199,0.9028,0.9087,0.9505,0.7385,0.7064,1.8346,1.9129,1.8963,1.9701,1.0281,0.9862,
2023-08-18 00:00:00,0.919,0.9194,0.9231,0.9609,0.7366,0.7057,1.8336,1.9329,1.9137,1.9826,1.0259,0.9854,
2023-08-25 00:00:00,0.911,0.9196,0.9259,0.9624,0.7389,0.704,1.824,1.9331,1.9171,1.9844,1.0286,0.9833,
2023-09-01 00:00:00,0.9399,0.9395,0.9339,0.9745,0.7374,0.7056,1.8587,1.957,1.9265,1.999,1.0268,0.9852,
2023-09-08 00:00:00,0.9591,0.9435,0.9417,0.979,0.7388,0.7025,1.8817,1.9617,1.9359,2.0043,1.0285,0.9815,
2023-09-15 00:00:00,0.9988,0.9482,0.9448,0.981,0.7353,0.698,1.9294,1.9674,1.9397,2.0068,1.0243,0.9761,
2023-09-22 00:00:00,1.0085,0.9517,0.9486,0.9845,0.7348,0.7,1.941,1.9715,1.9443,2.0109,1.0238,0.9785,
2023-09-29 00:00:00,0.9844,0.9141,0.9203,0.9627,0.7249,0.6985,1.9121,1.9265,1.9102,1.9848,1.0118,0.9767,
2023-10-06 00:00:00,0.9678,0.8762,0.8811,0.9323,0.7177,0.6982,1.8921,1.881,1.8632,1.9483,1.0031,0.9763,
2023-10-13 00:00:00,0.931,0.8382,0.8415,0.8941,0.718,0.6974,1.848,1.8355,1.8157,1.9025,1.0035,0.9754,
2023-10-20 00:00:00,0.9591,0.8509,0.854,0.9034,0.7176,0.6997,1.8818,1.8506,1.8308,1.9136,1.0031,0.9781,
2023-10-27 00:00:00,0.9362,0.8471,0.8492,0.8982,0.7181,0.6994,1.8542,1.8461,1.8249,1.9075,1.0037,0.9777,
2023-11-03 00:00:00,0.9299,0.8581,0.861,0.9063,0.7126,0.701,1.8466,1.8593,1.8391,1.9172,0.9971,0.9797,
2023-11-10 00:00:00,0.8974,0.8424,0.8427,0.892,0.7112,0.7038,1.8077,1.8404,1.8171,1.9,0.9954,0.983,
2023-11-17 00:00:00,0.8919,0.845,0.8442,0.8924,0.7102,0.7023,1.8011,1.8435,1.8189,1.9004,0.9942,0.9812,
2023-11-24 00:00:00,0.8753,0.8169,0.8141,0.8661,0.7077,0.7004,1.7812,1.8098,1.7828,1.8688,0.9911,0.979,
2023-12-01 00:00:00,0.877,0.8195,0.8189,0.8676,0.7009,0.7013,1.7832,1.813,1.7886,1.8707,0.9831,0.9801,
2023-12-08 00:00:00,0.8469,0.8074,0.8022,0.8529,0.7016,0.7018,1.747,1.7985,1.7685,1.8531,0.9839,0.9806,
2023-12-15 00:00:00,0.836,0.8023,0.7962,0.8457,0.6992,0.6994,1.734,1.7924,1.7614,1.8443,0.981,0.9778,
2023-12-22 00:00:00,0.8429,0.8079,0.7993,0.8487,0.6891,0.701,1.7422,1.799,1.7651,1.848,0.9689,0.9797,
2023-12-29 00:00:00,0.8486,0.8135,0.8129,0.861,0.688,0.7054,1.7492,1.8057,1.7814,1.8628,0.9676,0.9849,
2024-01-05 00:00:00,0.8309,0.8138,0.8048,0.8588,0.6503,0.7054,1.7278,1.8061,1.7715,1.8601,0.9224,0.9849,
2024-01-12 00:00:00,0.8267,0.8076,0.7989,0.8546,0.637,0.7024,1.7227,1.7987,1.7645,1.855,0.9064,0.9814,
2024-01-19 00:00:00,0.8379,0.8156,0.807,0.8621,0.6311,0.7028,1.7361,1.8083,1.7742,1.864,0.8993,0.9818,
2024-01-26 00:00:00,0.8541,0.829,0.8197,0.8737,0.6281,0.7011,1.7556,1.8244,1.7895,1.878,0.8957,0.9798,
2024-02-02 00:00:00,0.8856,0.8435,0.8349,0.8885,0.6278,0.7023,1.7934,1.8418,1.8077,1.8958,0.8954,0.9813,
2024-02-09 00:00:00,0.8886,0.8455,0.8348,0.8895,0.6246,0.7043,1.797,1.8442,1.8076,1.897,0.8915,0.9837,
2024-02-16 00:00:00,0.9162,0.8678,0.856,0.9086,0.6236,0.7051,1.8302,1.871,1.833,1.9199,0.8903,0.9846,
2024-02-23 00:00:00,0.9035,0.8657,0.8555,0.9085,0.6221,0.7054,1.8149,1.8684,1.8324,1.9197,0.8885,0.9849,
2024-03-01 00:00:00,0.8893,0.8653,0.8562,0.9093,0.6225,0.7062,1.7978,1.8679,1.8333,1.9207,0.889,0.9859,
2024-03-08 00:00:00,0.8787,0.8725,0.8649,0.9167,0.6224,0.706,1.7851,1.8766,1.8436,1.9296,0.8888,0.9857,
2024-03-15 00:00:00,0.8734,0.8716,0.8623,0.9155,0.6167,0.7075,1.7787,1.8755,1.8406,1.9282,0.882,0.9875,
2024-03-22 00:00:00,0.8804,0.8921,0.8801,0.9316,0.6175,0.7037,1.7871,1.9001,1.8619,1.9475,0.8829,0.9829,
2024-03-29 00:00:00,0.8618,0.8927,0.8822,0.9356,0.6135,0.7043,1.7649,1.9008,1.8644,1.9522,0.8781,0.9837,
2024-04-05 00:00:00,0.8827,0.9161,0.9088,0.956,0.6149,0.7058,1.7899,1.9289,1.8964,1.9767,0.8798,0.9854,
2024-04-12 00:00:00,0.8834,0.9183,0.9122,0.9609,0.6131,0.7055,1.7907,1.9316,1.9004,1.9826,0.8777,0.9851,
2024-04-19 00:00:00,0.865,0.9251,0.9156,0.9666,0.611,0.7038,1.7687,1.9396,1.9045,1.9894,0.8751,0.983,
2024-04-26 00:00:00,0.8512,0.9224,0.9153,0.9685,0.6119,0.7047,1.7521,1.9365,1.9042,1.9918,0.8762,0.9841,
2024-05-03 00:00:00,0.841,0.9191,0.9126,0.9665,0.6116,0.7071,1.7399,1.9325,1.9009,1.9894,0.8759,0.987,
2024-05-10 00:00:00,0.8233,0.9016,0.8968,0.9547,0.6101,0.7064,1.7186,1.9115,1.882,1.9752,0.8741,0.9862,
2024-05-17 00:00:00,0.8117,0.8827,0.8759,0.9365,0.6048,0.7071,1.7048,1.8887,1.8569,1.9533,0.8677,0.987,
2024-05-24 00:00:00,0.8065,0.8767,0.8658,0.929,0.6033,0.7052,1.6985,1.8816,1.8448,1.9443,0.866,0.9848,
2024-05-31 00:00:00,0.804,0.8679,0.8567,0.9209,0.6004,0.7049,1.6954,1.8711,1.8339,1.9346,0.8624,0.9844,
2024-06-07 00:00:00,0.786,0.8443,0.835,0.9027,0.5828,0.7058,1.6738,1.8427,1.8078,1.9128,0.8414,0.9854,
2024-06-14 00:00:00,0.7932,0.842,0.8295,0.8981,0.579,0.7053,1.6825,1.8399,1.8012,1.9073,0.8368,0.9849,
2024-06-21 00:00:00,0.8188,0.8481,0.8353,0.9029,0.5787,0.7075,1.7133,1.8473,1.8081,1.913,0.8364,0.9874,
2024-06-28 00:00:00,0.8285,0.8534,0.8409,0.9084,0.5768,0.7064,1.7249,1.8537,1.8149,1.9197,0.8342,0.9861,
2024-07-05 00:00:00,0.8272,0.8504,0.8339,0.9042,0.5729,0.7061,1.7233,1.85,1.8065,1.9146,0.8294,0.9858,
2024-07-12 00:00:00,0.8289,0.8567,0.8452,0.9114,0.573,0.7088,1.7253,1.8576,1.82,1.9232,0.8295,0.9891,
2024-07-19 00:00:00,0.8053,0.8325,0.8239,0.8945,0.5615,0.7116,1.697,1.8285,1.7945,1.903,0.8158,0.9925,
2024-07-26 00:00:00,0.7931,0.8294,0.8173,0.8841,0.57,0.7107,1.6824,1.8248,1.7865,1.8905,0.8259,0.9913,
2024-08-02 00:00:00,0.7785,0.8146,0.8083,0.8762,0.5593,0.7094,1.6649,1.8071,1.7757,1.8811,0.8131,0.9897,
2024-08-09 00:00:00,0.7749,0.8183,0.8078,0.8748,0.567,0.7091,1.6605,1.8116,1.7751,1.8793,0.8224,0.9894,
2024-08-16 00:00:00,0.7618,0.8041,0.7968,0.8658,0.5591,0.712,1.6448,1.7945,1.762,1.8685,0.8129,0.9929,
2024-08-23 00:00:00,0.7532,0.7959,0.7881,0.8561,0.5676,0.7108,1.6345,1.7846,1.7515,1.8569,0.8231,0.9915,
,,,,,,,,,,,,,
,,,,,,,,,,,,,
,,,,,,,,,,,,,
